{ "class": "GraphLinksModel",
  "nodeDataArray": [
{"key":"Alpha","text":"\uc2dc\uc791","category":"RoundedRectangle","loc":"0 0","color":"#6be082"},
{"key":"Beta","text":"\ud504\ub85c\uc138\uc2a4 A","category":"Rectangle","loc":"150 0","color":"#00A9C9"},
{"key":"Gamma","text":"\uc870\uac74?","category":"Diamond","loc":"75 150","color":"#FFC0CB"},
{"key":"Delta","text":"\ud504\ub85c\uc138\uc2a4 B","category":"Rectangle","loc":"250 150","color":"#00A9C9"},
{"key":"Epsilon","text":"\uc885\ub8cc","category":"RoundedRectangle","loc":"150 300","color":"#e0826b"}
],
  "linkDataArray": [
{"from":"Alpha","to":"Beta","color":"#333","dash":null,"arrow":"Standard"},
{"from":"Beta","to":"Gamma","color":"#333","dash":null,"arrow":"Standard"},
{"from":"Gamma","to":"Delta","text":"\uc608","color":"#333","dash":null,"arrow":"Standard"},
{"from":"Gamma","to":"Alpha","text":"\uc544\ub2c8\uc624","curveness":-30,"color":"#333","dash":null,"arrow":"Standard"},
{"from":"Delta","to":"Epsilon","color":"#333","dash":null,"arrow":"Standard"}
]}