{ "class": "GraphLinksModel",
  "nodeKeyProperty": "id",
  "nodeDataArray": [
{"id":-1,"loc":"114 -311","type":"Start","text":"Start"},
{"id":0,"loc":"114 84","text":"Shopping"},
{"id":1,"loc":"322 -32","text":"Browse Items"},
{"id":2,"loc":"367 299","text":"Search Items"},
{"id":3,"loc":"631 7","text":"View Item"},
{"id":4,"loc":"736 -282","text":"View Cart"},
{"id":5,"loc":"811 188","text":"Update Cart"},
{"id":6,"loc":"1248 -30","text":"Checkout"},
{"id":-2,"loc":"1053 306","type":"End","text":"End"}
],
  "linkDataArray": [
{"from":-1,"to":0,"progress":true,"text":"Visit online store","curviness":-10},
{"from":0,"to":1,"progress":true,"text":"Browse"},
{"from":0,"to":2,"progress":true,"text":"Use search bar","curviness":-70},
{"from":1,"to":2,"progress":true,"text":"Use search bar"},
{"from":2,"to":3,"progress":true,"text":"Click item","curviness":-70},
{"from":2,"to":2,"progress":false,"text":"Another search","curviness":40},
{"from":1,"to":3,"progress":true,"text":"Click item"},
{"from":3,"to":0,"progress":false,"text":"Not interested","curviness":-100},
{"from":3,"to":4,"progress":true,"text":"Add to cart"},
{"from":4,"to":0,"progress":false,"text":"More shopping","curviness":-150},
{"from":5,"to":4,"progress":false,"text":"Update made"},
{"from":4,"to":6,"progress":true,"text":"Proceed"},
{"from":6,"to":5,"progress":false,"text":"Update needed"},
{"from":6,"to":-2,"progress":true,"text":"Purchase made"}
]}